{
  "resourceType" : "Patient",
  "id" : "HIVPatientExample",
  "meta" : {
    "profile" : ["http://openhie.org/fhir/xhanti-fhir/StructureDefinition/hiv-patient"]
  },
  "text" : {
    "status" : "generated",
    "div" : "<div xmlns=\"http://www.w3.org/1999/xhtml\"><p style=\"border: 1px #661aff solid; background-color: #e6e6ff; padding: 10px;\"><b>Ndulo Lolo Ma </b> female, DoB: 2004-12-12</p><hr/><table class=\"grid\"><tr><td style=\"background-color: #f3f5da\" title=\"Known Marital status of Patient\">Marital Status:</td><td colspan=\"3\"><span title=\"Codes: \">D</span></td></tr><tr><td style=\"background-color: #f3f5da\" title=\"Ways to contact the Patient\">Contact Details:</td><td colspan=\"3\"><ul><li><a href=\"tel:+27723452375\">+27723452375</a></li><li><a href=\"mailto:ndulo@gmail.com\">ndulo@gmail.com</a></li><li>323 Main Road Friday Complex Makhanda Eastern Cape South Africa </li></ul></td></tr><tr><td style=\"background-color: #f3f5da\" title=\"Nominated Contact: N\">N:</td><td colspan=\"3\"><ul><li>Siyo Kimi Puti </li><li><a href=\"tel:+27720001122\">+27720001122</a></li><li><a href=\"mailto:siyo@gmail.com\">siyo@gmail.com</a></li></ul></td></tr></table></div>"
  },
  "name" : [{
    "family" : "Ma",
    "given" : ["Ndulo",
    "Lolo"]
  }],
  "telecom" : [{
    "system" : "phone",
    "value" : "+27723452375"
  },
  {
    "system" : "email",
    "value" : "ndulo@gmail.com"
  }],
  "gender" : "female",
  "birthDate" : "2004-12-12",
  "address" : [{
    "line" : ["323 Main Road",
    "Friday Complex"],
    "city" : "Makhanda",
    "district" : "Makana Municipality",
    "state" : "Eastern Cape",
    "country" : "South Africa"
  }],
  "maritalStatus" : {
    "coding" : [{
      "code" : "D"
    }]
  },
  "contact" : [{
    "relationship" : [{
      "coding" : [{
        "code" : "N"
      }]
    }],
    "name" : {
      "family" : "Puti",
      "given" : ["Siyo",
      "Kimi"]
    },
    "telecom" : [{
      "system" : "phone",
      "value" : "+27720001122"
    },
    {
      "system" : "email",
      "value" : "siyo@gmail.com"
    }]
  }]
}