<?xml version="1.0" encoding="UTF-8"?><ImplementationGuide xmlns="http://hl7.org/fhir"><id value="openhie.fhir.xhanti-fhir"/><text><status value="extensions"/><div xmlns="http://www.w3.org/1999/xhtml"><h2>TestFHIRIG</h2><p>The official URL for this implementation guide is: </p><pre>http://openhie.org/fhir/xhanti-fhir/ImplementationGuide/openhie.fhir.xhanti-fhir</pre><div><p>Test FHIR Implementation Guide.</p>
</div></div></text><url value="http://openhie.org/fhir/xhanti-fhir/ImplementationGuide/openhie.fhir.xhanti-fhir"/><version value="1.0.0"/><name value="TestFHIRIG"/><title value="HL7 FHIR Implementation Guide: Example IG Release 1 - US Realm | STU1"/><status value="active"/><date value="2023-11-27"/><publisher value="Jembi Health Systems"/><contact><name value="Jembi Health Systems"/><telecom><system value="url"/><value value="https://www.jembi.org"/></telecom><telecom><system value="email"/><value value="info@jembi.org"/></telecom></contact><contact><name value="Xhanti Mdyeshana"/><telecom><system value="email"/><value value="xhanti.mdyeshana@jembi.org"/><use value="work"/></telecom></contact><description value="Test FHIR Implementation Guide."/><jurisdiction><coding><system value="http://unstats.un.org/unsd/methods/m49/m49.htm"/><code value="001"/><display value="World"/></coding></jurisdiction><packageId value="openhie.fhir.xhanti-fhir"/><license value="CC0-1.0"/><fhirVersion value="5.0.0"/><dependsOn id="hl7tx"><extension url="http://hl7.org/fhir/tools/StructureDefinition/implementationguide-dependency-comment"><valueMarkdown value="Automatically added as a dependency - all IGs depend on HL7 Terminology"/></extension><uri value="http://terminology.hl7.org/ImplementationGuide/hl7.terminology"/><packageId value="hl7.terminology.r5"/><version value="5.3.0"/></dependsOn><dependsOn id="hl7ext"><extension url="http://hl7.org/fhir/tools/StructureDefinition/implementationguide-dependency-comment"><valueMarkdown value="Automatically added as a dependency - all IGs depend on the HL7 Extension Pack"/></extension><uri value="http://hl7.org/fhir/extensions/ImplementationGuide/hl7.fhir.uv.extensions"/><packageId value="hl7.fhir.uv.extensions.r5"/><version value="1.0.0"/></dependsOn><definition><extension url="http://hl7.org/fhir/tools/StructureDefinition/ig-internal-dependency"><valueCode value="hl7.fhir.uv.tools#current"/></extension><grouping id="-str-profile"><name value="Structures: Resource Profiles"/><description value="These define constraints on FHIR resources for systems conforming to this implementation guide."/></grouping><grouping id="-ex-example"><name value="Example: Example Instances"/><description value="These are example instances that show what data produced and consumed by systems conforming with this implementation guide might look like."/></grouping><resource><extension url="http://hl7.org/fhir/tools/StructureDefinition/resource-sort"><valueInteger value="999999999"/></extension><extension url="http://hl7.org/fhir/StructureDefinition/implementationguide-page"><valueUri value="StructureDefinition-hiv-patient.html"/></extension><reference><reference value="StructureDefinition/hiv-patient"/></reference><name value="HIV Patient"/><description value="HIVPatient"/><isExample value="false"/><groupingId value="-str-profile"/></resource><resource><extension url="http://hl7.org/fhir/tools/StructureDefinition/resource-sort"><valueInteger value="999999999"/></extension><extension url="http://hl7.org/fhir/StructureDefinition/implementationguide-page"><valueUri value="Patient-HIVPatientExample.html"/></extension><reference><reference value="Patient/HIVPatientExample"/></reference><name value="HIVPatientExample"/><description value="HIVPatientExample"/><profile value="http://openhie.org/fhir/xhanti-fhir/StructureDefinition/hiv-patient"/><groupingId value="-ex-example"/></resource><page><sourceUrl value="toc.html"/><name value="toc.html"/><title value="Table of Contents"/><generation value="html"/><page><sourceUrl value="index.html"/><name value="index.html"/><title value="Home"/><generation value="html"/></page><page><sourceUrl value="changes.html"/><name value="changes.html"/><title value="Changes"/><generation value="html"/></page><page><sourceUrl value="artifacts.html"/><name value="artifacts.html"/><title value="Artifacts Summary"/><generation value="html"/><page><sourceUrl value="StructureDefinition-hiv-patient.html"/><name value="StructureDefinition-hiv-patient.html"/><title value="HIV Patient"/><generation value="generated"/></page><page><sourceUrl value="Patient-HIVPatientExample.html"/><name value="Patient-HIVPatientExample.html"/><title value="HIVPatientExample"/><generation value="generated"/></page></page></page><parameter><code><system value="http://hl7.org/fhir/tools/CodeSystem/ig-parameters"/><code value="copyrightyear"/></code><value value="2021+"/></parameter><parameter><code><system value="http://hl7.org/fhir/tools/CodeSystem/ig-parameters"/><code value="releaselabel"/></code><value value="STU1"/></parameter><parameter><code><system value="http://hl7.org/fhir/tools/CodeSystem/ig-parameters"/><code value="autoload-resources"/></code><value value="true"/></parameter><parameter><code><system value="http://hl7.org/fhir/guide-parameter-code"/><code value="path-resource"/></code><value value="input/capabilities"/></parameter><parameter><code><system value="http://hl7.org/fhir/guide-parameter-code"/><code value="path-resource"/></code><value value="input/examples"/></parameter><parameter><code><system value="http://hl7.org/fhir/guide-parameter-code"/><code value="path-resource"/></code><value value="input/extensions"/></parameter><parameter><code><system value="http://hl7.org/fhir/guide-parameter-code"/><code value="path-resource"/></code><value value="input/models"/></parameter><parameter><code><system value="http://hl7.org/fhir/guide-parameter-code"/><code value="path-resource"/></code><value value="input/operations"/></parameter><parameter><code><system value="http://hl7.org/fhir/guide-parameter-code"/><code value="path-resource"/></code><value value="input/profiles"/></parameter><parameter><code><system value="http://hl7.org/fhir/guide-parameter-code"/><code value="path-resource"/></code><value value="input/resources"/></parameter><parameter><code><system value="http://hl7.org/fhir/guide-parameter-code"/><code value="path-resource"/></code><value value="input/vocabulary"/></parameter><parameter><code><system value="http://hl7.org/fhir/guide-parameter-code"/><code value="path-resource"/></code><value value="input/maps"/></parameter><parameter><code><system value="http://hl7.org/fhir/guide-parameter-code"/><code value="path-resource"/></code><value value="input/testing"/></parameter><parameter><code><system value="http://hl7.org/fhir/guide-parameter-code"/><code value="path-resource"/></code><value value="input/history"/></parameter><parameter><code><system value="http://hl7.org/fhir/guide-parameter-code"/><code value="path-resource"/></code><value value="fsh-generated/resources"/></parameter><parameter><code><system value="http://hl7.org/fhir/guide-parameter-code"/><code value="path-pages"/></code><value value="template/config"/></parameter><parameter><code><system value="http://hl7.org/fhir/guide-parameter-code"/><code value="path-pages"/></code><value value="input/images"/></parameter><parameter><code><system value="http://hl7.org/fhir/tools/CodeSystem/ig-parameters"/><code value="path-liquid"/></code><value value="template/liquid"/></parameter><parameter><code><system value="http://hl7.org/fhir/tools/CodeSystem/ig-parameters"/><code value="path-liquid"/></code><value value="input/liquid"/></parameter><parameter><code><system value="http://hl7.org/fhir/tools/CodeSystem/ig-parameters"/><code value="path-qa"/></code><value value="temp/qa"/></parameter><parameter><code><system value="http://hl7.org/fhir/tools/CodeSystem/ig-parameters"/><code value="path-temp"/></code><value value="temp/pages"/></parameter><parameter><code><system value="http://hl7.org/fhir/tools/CodeSystem/ig-parameters"/><code value="path-output"/></code><value value="output"/></parameter><parameter><code><system value="http://hl7.org/fhir/guide-parameter-code"/><code value="path-tx-cache"/></code><value value="input-cache/txcache"/></parameter><parameter><code><system value="http://hl7.org/fhir/tools/CodeSystem/ig-parameters"/><code value="path-suppressed-warnings"/></code><value value="input/ignoreWarnings.txt"/></parameter><parameter><code><system value="http://hl7.org/fhir/tools/CodeSystem/ig-parameters"/><code value="path-history"/></code><value value="http://openhie.org/fhir/xhanti-fhir/history.html"/></parameter><parameter><code><system value="http://hl7.org/fhir/tools/CodeSystem/ig-parameters"/><code value="template-html"/></code><value value="template-page.html"/></parameter><parameter><code><system value="http://hl7.org/fhir/tools/CodeSystem/ig-parameters"/><code value="template-md"/></code><value value="template-page-md.html"/></parameter><parameter><code><system value="http://hl7.org/fhir/tools/CodeSystem/ig-parameters"/><code value="apply-contact"/></code><value value="true"/></parameter><parameter><code><system value="http://hl7.org/fhir/tools/CodeSystem/ig-parameters"/><code value="apply-context"/></code><value value="true"/></parameter><parameter><code><system value="http://hl7.org/fhir/tools/CodeSystem/ig-parameters"/><code value="apply-copyright"/></code><value value="true"/></parameter><parameter><code><system value="http://hl7.org/fhir/tools/CodeSystem/ig-parameters"/><code value="apply-jurisdiction"/></code><value value="true"/></parameter><parameter><code><system value="http://hl7.org/fhir/tools/CodeSystem/ig-parameters"/><code value="apply-license"/></code><value value="true"/></parameter><parameter><code><system value="http://hl7.org/fhir/tools/CodeSystem/ig-parameters"/><code value="apply-publisher"/></code><value value="true"/></parameter><parameter><code><system value="http://hl7.org/fhir/tools/CodeSystem/ig-parameters"/><code value="apply-version"/></code><value value="true"/></parameter><parameter><code><system value="http://hl7.org/fhir/tools/CodeSystem/ig-parameters"/><code value="apply-wg"/></code><value value="true"/></parameter><parameter><code><system value="http://hl7.org/fhir/tools/CodeSystem/ig-parameters"/><code value="active-tables"/></code><value value="true"/></parameter><parameter><code><system value="http://hl7.org/fhir/tools/CodeSystem/ig-parameters"/><code value="fmm-definition"/></code><value value="http://hl7.org/fhir/versions.html#maturity"/></parameter><parameter><code><system value="http://hl7.org/fhir/tools/CodeSystem/ig-parameters"/><code value="propagate-status"/></code><value value="true"/></parameter><parameter><code><system value="http://hl7.org/fhir/tools/CodeSystem/ig-parameters"/><code value="excludelogbinaryformat"/></code><value value="true"/></parameter><parameter><code><system value="http://hl7.org/fhir/tools/CodeSystem/ig-parameters"/><code value="tabbed-snapshots"/></code><value value="true"/></parameter></definition></ImplementationGuide>